Country;Airport;Code;Pax 2011;Jan;Feb;Mar;Apr;May;Jun;Jul;Aug;Sep;Oct;Nov;Dec;Pax 2012;vly
Albania;Tirana;TIA;1 817 073; 144 599; 97 871; 118 722; 127 083; 122 242; 137 492; 174 767; 200 973; 153 348; 130 603; 121 274; 136 357;1 665 331;-8,4%
Armenia;Yerevan;EVN;1 595 471; 109 867; 91 013; 102 010; 126 595; 133 009; 153 839; 186 649; 205 444; 162 852; 150 588; 129 786; 136 383;1 688 035;5,8%
Austria;Graz;GRZ; 976 543; 54 006; 62 313; 72 656; 74 852; 85 226; 98 725; 104 953; 96 385; 99 095; 77 049; 59 676; 45 681; 930 617;-4,7%
Austria;Innsbruck;INN; 997 067; 131 461; 147 856; 156 864; 58 943; 47 438; 60 293;60 655;58 412;58 839; 36 998; 31 528; 81 567; 930 850;-6,6%
Austria;Klagenfurt;KLU; 375 307; 25 537; 24 089; 26 489; 20 571; 24 822; 24 364; 26 096; 24 768; 24 671; 21 919; 16 763; 18 961; 279 050;-25,6%
Austria;Linz;LNZ; 679 372; 33 196; 35 255; 40 276; 48 112; 59 028; 78 458; 79 821; 77 902; 72 012; 45 590; 31 827; 21 829; 623 306;-8,3%
Austria;Salzburg;SZG;1 700 983; 208 640; 208 022; 198 189; 100 895; 108 083; 130 182; 134 128; 142 465; 133 227; 98 037; 78 126; 126 493;1 666 487;-2,0%
Austria;Vienna;VIE;21 106 292;1 397 711;1 387 505;1 700 590;1 889 786;1 985 053;2 062 155;2 192 715;2 138 588;2 173 656;1 990 243;1 658 971;1 588 821;22 165 794;5,0%
Belarus;Minsk;MSQ;;;;;;;;;;;;;;  0;
Belgium;Antwerp;ANR; 105 466; 7 420; 8 583; 8 824; 6 870; 6 914; 6 395; 5 978; 6 076; 6 472; 6 962; 8 187; 6 127; 84 808;-19,6%
Belgium;Brussels Charleroi;CRL;5 901 007; 371 536; 394 276; 460 711; 592 704; 606 272; 573 901; 699 037; 701 236; 611 117; 601 247; 455 660; 446 686;6 514 383;10,4%
Belgium;Brussels;BRU;18 786 034;1 154 894;1 177 420;1 425 683;1 613 667;1 707 452;1 784 488;2 054 609;1 930 954;1 888 193;1 647 453;1 351 111;1 235 408;18 971 332;1,0%
Belgium;Liege;LGG; 305 281; 9 140; 10 903; 16 689; 17 010; 24 450;; 52 598;;; 18 294; 12 811; 10 041; 300 813;-1,5%
Bosnia & Herzegovina;Sarajevo;SJJ; 599 978; 33 247; 26 278; 36 765; 49 709; 55 107; 62 491; 69 346; 60 787; 60 323; 52 115; 38 612; 35 278; 580 058;-3,3%
Bulgaria;Bourgas;BOJ;2 253 320; 21 043; 18 698; 17 990; 19 856; 87 163; 433 875; 708 887; 687 926; 329 284; 30 710; 12 046; 13 068;2 380 546;5,6%
Bulgaria;Sofia;SOF;3 474 993; 264 225; 237 600; 273 463; 291 272; 311 394; 316 774; 335 292; 336 422; 322 690; 285 216; 234 168; 258 939;3 467 455;-0,2%
Bulgaria;Varna;VAR;1 181 832;  0;  67; 14 862; 26 182; 63 002; 227 553; 329 398; 315 417; 168 605; 36 147; 21 657; 18 578;1 221 468;3,4%
Croatia;Dubrovnik;DBV;1 349 501; 17 843; 15 721; 26 864; 84 775; 154 387; 206 576; 279 368; 279 793; 231 418; 134 462; 29 342; 19 921;1 480 470;9,7%
Croatia;Pula;PUY; 352 829;1 030; 774;2 796;12 058;27 141;66 997;87 056;88 009;63 179;15 866;1 512;1 027; 367 445;4,1%
Croatia;Split;SPU;1 300 381; 25 182; 20 956; 28 782; 63 887; 125 853; 206 988; 293 026; 290 069; 224 335; 87 638; 28 348; 30 160;1 425 224;9,6%
Croatia;Zadar;ZAD; 284 980; 2 275; 1 352; 6 107; 27 459; 38 430; 50 637; 75 821; 72 771; 57 907; 32 307; 3 672; 2 518; 371 256;30,3%
Croatia;Zagreb;ZAG;2 320 098; 132 155; 118 113; 155 672; 189 877; 215 546; 237 629; 260 420; 260 809; 244 506; 216 544; 165 277; 145 761;2 342 309;1,0%
Cyprus;Larnaca;LCA;5 507 762; 218 752; 199 949; 251 323; 393 149; 451 369; 595 553; 702 226; 735 743; 616 387; 534 380; 254 448; 212 945;5 166 224;-6,2%
Cyprus;Paphos;PFO;1 778 898; 49 688; 59 138; 81 485; 175 727; 253 871; 267 321; 296 228; 310 173; 301 715; 279 238; 104 382; 63 831;2 242 797;26,1%
Czech Republic;Brno;BRQ; 557 952; 34 297; 53 818; 23 043; 27 353; 29 653; 69 871; 93 288; 94 214; 76 012; 30 887; 19 151; 17 678; 569 265;2,0%
Czech Republic;Prague;PRG;11 788 629; 641 073; 607 265; 787 358; 884 887; 931 666;1 073 443;1 184 447;1 201 725;1 140 651; 932 870; 720 762; 701 743;10 807 890;-8,3%
Denmark;Aalborg;AAL;1 391 860; 100 232; 100 771; 115 351; 97 095; 113 258; 123 670; 112 714; 113 456; 130 043; 122 006; 110 468; 89 280;1 328 344;-4,6%
Denmark;Aarhus;AAR; 588 225; 34 264; 34 227; 42 771; 46 774; 44 198; 43 631; 41 856; 39 855; 46 737; 49 792; 49 792; 26 287; 500 184;-15,0%
Denmark;Billund;BLL;2 710 516; 164 413; 169 499; 201 699; 209 355; 223 796; 266 663; 357 948; 290 115; 273 626; 258 000; 168 404; 151 289;2 734 807;0,9%
Denmark;Copenhagen;CPH;22 725 517;1 582 496;1 621 373;1 904 759;1 919 884;2 017 128;2 223 862;2 313 542;2 143 341;2 122 883;2 101 931;1 799 408;1 585 580;23 336 187;2,7%
Estonia;Tallinn;TLL;1 913 172; 133 493; 126 054; 163 783; 192 027; 215 679; 225 565; 228 287; 223 815; 208 506; 202 930; 150 973; 135 178;2 206 290;15,3%
Finland;All airports;;19 088 239;1 500 863;1 523 598;1 763 261;1 639 892;1 639 276;1 723 220;1 601 549;1 600 792;1 635 167;1 642 840;1 418 338;1 485 620;19 174 416;0,5%
Finland;Helsinki;HEL;14 865 871;1 132 964;1 147 037;1 323 392;1 243 130;1 266 534;1 366 103;1 327 771;1 287 526;1 275 503;1 276 420;1 111 501;1 097 721;14 855 602;-0,1%
Finland;Ivalo;IVL; 125 535; 15 549; 18 342; 24 511; 12 222; 3 080; 6 235; 8 099; 6 142; 8 590; 3 392; 7 902; 31 391; 145 455;15,9%
Finland;Joensuu;JOE; 117 114; 11 549; 13 894; 13 990; 13 620; 14 365; 10 700; 7 003; 9 394; 13 931; 15 600; 13 307; 8 817; 146 170;24,8%
Finland;Kittila;KTT; 238 538; 41 884; 41 872; 54 024; 31 340; 1 913; 1 778; 1 365; 2 389; 8 386; 2 278; 12 291; 63 822; 263 342;10,4%
Finland;Kuopio;KUO; 284 405; 23 727; 25 858; 28 649; 25 587; 26 306; 22 048; 9 971; 18 884; 25 649; 30 135; 27 196; 18 890; 282 900;-0,5%
Finland;Lappeenranta;LPP; 116 267; 8 785; 7 498; 9 650; 9 272; 7 829; 8 593; 9 356; 8 568; 8 124; 8 847; 3 483; 3 757; 93 762;-19,4%
Finland;Oulu;OUL; 973 912; 90 664; 91 543; 101 045; 91 514; 106 071; 100 056; 74 228; 85 007; 95 898; 93 852; 80 954; 62 590;1 073 422;10,2%
Finland;Rovaniemi;RVN; 396 825; 40 127; 37 258; 38 343; 24 830; 25 147; 30 906; 27 528; 27 219; 26 842; 26 920; 27 773; 70 647; 403 540;1,7%
Finland;Tampere;TMP; 657 630; 33 098; 33 023; 42 840; 57 851; 57 312; 58 877; 57 610; 55 829; 54 696; 57 088; 33 633; 28 882; 570 739;-13,2%
Finland;Turku;TKU; 377 533; 27 561; 28 962; 35 259; 45 798; 46 613; 49 245; 40 806; 41 805; 42 234; 43 865; 28 694; 23 086; 453 928;20,2%
Finland;Vaasa;VAA; 338 499; 28 092; 29 759; 34 269; 34 113; 38 374; 33 555; 20 155; 27 461; 35 161; 38 638; 30 552; 23 428; 373 557;10,4%
France;Ajaccio;AJA;1 175 706; 50 176; 49 453; 55 561; 94 238; 115 201; 136 825; 172 643; 193 400; 148 294; 81 665; 60 060; 61 189;1 218 705;3,6%
France;Bastia;BIA;1 025 346; 49 607; 44 036; 52 798; 74 659; 89 371; 102 898; 136 149; 148 836; 112 658; 75 378; 57 681; 59 555;1 003 626;-2,1%
France;Bergerac;EGC; 288 999;1 340;;4 003;23 503;25 669;32 883;41 519;46 478;31 575;25 855;9 222;6 346; 248 393;-14,1%
France;Biarritz;BIQ;1 032 937; 58 442; 58 246; 71 350; 93 874; 97 295; 109 274; 131 865; 124 943; 107 453; 95 792; 68 618; 67 187;1 084 339;5,0%
France;Bordeaux;BOD;4 117 303; 293 029; 275 790; 336 178; 372 650; 388 173; 420 892; 446 109; 422 096; 411 000; 380 340; 321 246; 325 690;4 433 347;7,7%
France;Brest;BES; 990 927; 72 053; 75 271; 84 223; 100 043; 102 205; 103 142; 109 928; 101 918; 98 805; 83 647; 69 140; 70 341;1 070 461;8,0%
France;Clermont-Ferrand;CFE; 398 930; 27 836; 28 997; 33 823; 32 584; 33 009; 42 446; 33 963; 24 956; 35 614; 35 083; 29 790; 27 312; 385 413;-3,4%
France;Dinard;DNR; 134 197; 6 574; 7 684; 9 092; 13 303; 12 990; 14 084; 15 686; 17 840; 12 336; 13 068; 9 050; 6 461; 138 168;3,0%
France;Figari;FSC; 444 021; 12 373; 11 082; 16 015; 28 273; 40 500; 55 192; 85 384; 96 718; 57 938; 26 082; 15 238; 14 260; 459 055;3,4%
France;Lille;LIL;1 164 631; 60 065; 62 440; 81 690; 114 605; 146 759; 150 758; 163 431; 155 509; 154 018; 126 532; 89 740; 92 055;1 397 602;20,0%
France;Lyon;LYS;8 437 141; 566 418; 597 622; 670 627; 740 915; 733 566; 761 832; 844 626; 792 624; 765 376; 719 770; 640 777; 616 886;8 451 039;0,2%
France;Marseille;MRS;7 366 873; 503 446; 475 530; 601 963; 736 481; 778 301; 790 870; 893 302; 868 257; 782 507; 708 864; 595 303; 562 714;8 297 538;12,6%
France;Montpellier;MPL;1 313 193; 88 801; 86 267; 96 611; 105 459; 106 313; 119 899; 133 667; 126 337; 118 352; 114 325; 96 682; 95 588;1 288 301;-1,9%
France;Nantes;NTE;3 246 112; 195 916; 209 850; 243 220; 337 376; 347 046; 350 187; 383 293; 403 134; 360 831; 309 781; 255 771; 234 924;3 631 693;11,9%
France;Nice;NCE;10 422 073; 570 841; 559 862; 761 603; 964 717;1 101 460;1 152 486;1 325 396;1 271 932;1 125 099; 974 768; 701 629; 679 982;11 189 775;7,4%
France;Paris Beauvais;BVA;3 677 825; 245 191; 236 495; 291 037; 357 582; 361 933; 354 797; 389 103; 409 009; 345 032; 342 448; 268 032; 261 772;3 862 562;5,0%
France;Paris CDG;CDG;60 970 551;4 458 793;4 142 553;4 938 041;5 305 048;5 286 761;5 535 053;6 080 563;5 909 887;5 525 591;5 216 630;4 563 344;4 649 670;61 611 934;1,1%
France;Paris ORY;ORY;27 139 076;1 972 414;1 869 580;2 200 108;2 344 099;2 319 366;2 435 183;2 776 277;2 562 799;2 395 961;2 237 025;2 037 691;2 081 760;27 232 263;0,3%
France;Pau;PUF; 641 496; 47 781; 44 712; 53 693; 49 316; 53 600; 57 587; 52 813; 39 998; 51 490; 55 267; 51 037; 52 251; 609 545;-5,0%
France;Rennes;RNS; 432 931; 30 623; 28 435; 34 200; 35 217; 39 026; 45 174; 49 352; 45 071; 43 661; 38 138; 33 155; 32 063; 454 115;4,9%
France;Strasbourg;SXB;1 080 046; 69 613; 65 686; 78 780; 91 226; 100 640; 111 914; 119 715; 102 790; 111 496; 111 251; 95 833; 107 166;1 166 110;8,0%
France;Tarbes-Lourdes;LDE; 452 327;;;;;;;;;;;;;  0;
France;Toulon;TLN; 578 105; 26 456; 23 604; 33 630; 46 357; 52 020; 61 627; 80 184; 77 174; 58 756; 50 601; 33 884; 34 588; 578 881;0,1%
France;Toulouse;TLS;6 988 140; 519 072; 505 663; 593 818; 667 956; 680 785; 727 694; 698 114; 613 403; 686 991; 673 549; 607 295; 581 011;7 555 351;8,1%
Georgia;Batumi;BUS; 133 890; 6 352; 6 540; 6 866; 9 013; 12 669; 18 176; 23 051; 28 010; 22 318; 14 466; 10 635; 10 235; 168 331;25,7%
Georgia;Tbilisi;TBS;1 058 679; 79 009; 66 336; 82 029; 90 473; 95 564; 111 424; 130 607; 145 957; 136 233; 106 807; 88 806; 87 578;1 220 823;15,3%
Germany;All airports (ADV);;199 236 865;13 129 470;12 786 093;15 786 916;16 410 798;18 130 058;18 741 809;20 055 034;19 480 965;19 637 595;19 113 807;14 793 237;13 343 174;201 408 956;1,1%
Germany;Allgе-Memmingen;FMM; 764 782; 38 074; 39 684; 50 895; 76 535; 88 256; 90 251; 95 692; 110 044; 100 409; 93 574; 44 624; 41 899; 869 937;13,7%
Germany;Berlin Sch馬efeld;SXF;7 113 989; 479 533; 479 663; 567 235; 618 921; 636 517; 639 754; 680 643; 652 128; 672 893; 678 562; 494 535; 496 893;7 097 277;-0,2%
Germany;Berlin Tegel;TXL;16 919 820;1 142 884;1 193 603;1 431 176;1 432 970;1 580 203;1 669 513;1 722 252;1 674 044;1 791 408;1 739 362;1 499 496;1 287 044;18 163 955;7,4%
Germany;Bremen;BRE;2 560 023; 149 632; 152 702; 192 788; 201 545; 216 253; 220 022; 251 062; 187 110; 246 523; 268 382; 190 962; 170 058;2 447 039;-4,4%
Germany;Cologne/Bonn;CGN;9 623 398; 533 204; 525 322; 665 318; 727 953; 869 402; 907 279; 992 873; 982 148; 982 041; 943 620; 613 623; 537 299;9 280 082;-3,6%
Germany;Dortmund;DTM;1 822 066; 113 089; 102 461; 133 034; 165 388; 185 348; 190 421; 212 752; 203 898; 192 593; 192 328; 101 295; 109 526;1 902 133;4,4%
Germany;Dresden;DRS;1 917 915; 108 678; 117 573; 145 869; 146 058; 173 669; 181 079; 172 173; 180 032; 204 963; 198 876; 140 872; 116 583;1 886 425;-1,6%
Germany;D《seldorf;DUS;20 339 466;1 280 318;1 309 154;1 651 927;1 623 073;1 930 290;1 920 892;2 148 420;2 015 167;2 069 007;2 033 131;1 530 945;1 320 922;20 833 246;2,4%
Germany;Erfurt;ERF; 280 918; 1 304; 1 813; 5 485; 9 345; 17 774; 21 507; 20 886; 31 623; 29 626; 30 730; 10 147; 3 399; 183 639;-34,6%
Germany;Frankfurt;FRA;56 436 255;4 076 310;3 599 475;4 502 825;4 770 945;5 107 307;5 364 927;5 765 381;5 596 298;5 357 348;5 214 102;4 186 463;3 978 620;57 520 001;1,9%
Germany;Friedrichshafen;FDH; 571 709; 33 040; 31 815; 37 659; 34 609; 49 406; 54 499; 58 977; 64 767; 62 263; 55 623; 32 429; 30 034; 545 121;-4,7%
Germany;Hahn;HHN;2 894 109; 154 614; 151 276; 184 853; 256 805; 262 679; 269 466; 318 512; 325 317; 285 758; 272 810; 153 042; 155 829;2 790 961;-3,6%
Germany;Hamburg;HAM;13 558 261; 889 471; 921 196;1 158 386;1 119 875;1 228 059;1 256 918;1 316 240;1 240 483;1 320 718;1 322 919;1 035 274; 887 863;13 697 402;1,0%
Germany;Hannover;HAJ;5 340 264; 299 561; 287 391; 413 928; 422 091; 465 976; 500 412; 557 316; 544 823; 562 183; 559 597; 378 141; 296 412;5 287 831;-1,0%
Germany;Karlsruhe/Baden-Baden;FKB;1 114 535; 51 390; 52 769; 70 666; 113 007; 129 462; 137 987; 156 459; 165 513; 151 506; 134 406; 64 943; 59 274;1 287 382;15,5%
Germany;Leipzig/Halle;LEJ;2 263 668; 120 454; 123 476; 154 372; 165 510; 215 389; 234 135; 237 519; 248 257; 271 521; 249 124; 148 127; 111 337;2 279 221;0,7%
Germany;L｜eck;LBC; 344 068; 14 165; 13 492; 21 863; 33 659; 36 404; 35 320; 40 211; 40 983; 37 956; 38 370; 19 861; 18 247; 350 531;1,9%
Germany;Munich;MUC;37 763 701;2 655 033;2 658 037;3 143 780;3 163 428;3 443 340;3 461 036;3 608 003;3 461 813;3 572 011;3 485 678;2 984 397;2 725 876;38 362 432;1,6%
Germany;M］ster/Osnabr…k;FMO;1 323 689; 50 669; 52 948; 72 071; 80 151; 95 447; 101 228; 115 564; 118 837; 119 606; 114 916; 58 694; 40 786;1 020 917;-22,9%
Germany;Nurnberg;NUE;3 962 617; 255 609; 281 618; 317 842; 294 427; 293 579; 314 738; 310 957; 350 720; 351 415; 301 070; 289 068; 236 093;3 597 136;-9,2%
Germany;Paderborn/Lippstadt;PAD; 974 775; 38 506; 39 373; 60 419; 71 189; 85 673; 92 669; 111 221; 96 821; 95 547; 100 968; 47 423; 33 435; 873 244;-10,4%
Germany;Saarbr…ken;SCN; 452 314; 23 118; 24 592; 32 178; 34 478; 37 793; 38 717; 40 980; 38 329; 42 186; 45 197; 36 999; 30 872; 425 439;-5,9%
Germany;Stuttgart;STR;9 582 265; 563 370; 570 189; 709 194; 780 737; 898 082; 956 735; 988 851;1 034 790;1 023 459; 927 354; 678 808; 589 308;9 720 877;1,4%
Germany;Weeze;NRN;2 421 108; 109 683; 109 647; 135 561; 178 293; 208 410; 207 875; 267 993; 268 047; 234 603; 245 052; 117 554; 125 711;2 208 429;-8,8%
Gibraltar;Gibraltar;GIB; 383 013; 23 750; 26 053; 29 867; 33 012; 33 916; 36 009; 40 421; 40 459; 36 566; 35 335; 25 887; 25 944; 387 219;1,1%
Greece;All airports;;38 983 315;1 297 864;1 166 656;1 426 962;2 211 193;3 367 012;4 730 103;5 967 019;6 144 618;5 083 540;2 829 823;1 328 980;1 297 073;36 850 843;-5,5%
Greece;Athens;ATH;14 366 018; 792 997; 706 458; 860 801;1 115 170;1 117 712;1 277 631;1 488 314;1 477 199;1 337 471;1 097 177; 804 101; 791 658;12 866 689;-10,4%
Greece;Alexandroupolis;AXD; 238 032; 17 277; 17 473; 19 503; 21 114; 18 041; 17 590; 20 278; 18 710; 17 843; 16 108; 14 307; 14 151; 212 395;-10,8%
Greece;Chania;CHQ;1 774 623; 29 585; 28 055; 36 026; 91 770; 194 557; 281 458; 335 410; 330 012; 292 903; 158 758; 31 174; 27 257;1 836 965;3,5%
Greece;Chios;JKH; 229 434; 12 348; 12 074; 14 003; 15 803; 16 075; 18 661; 22 309; 23 246; 18 577; 12 848; 10 936; 10 030; 186 910;-18,5%
Greece;Corfu;CFU;1 842 943; 14 723; 14 478; 20 513; 50 703; 175 427; 317 176; 418 979; 420 940; 325 494; 125 339; 16 472; 13 234;1 913 478;3,8%
Greece;Heraklion;HER;5 292 687; 65 112; 60 050; 74 853; 221 470; 509 003; 751 024; 970 952;1 036 350; 849 177; 388 205; 80 029; 70 104;5 076 329;-4,1%
Greece;Ioannina;IOA; 88 616; 5 952; 4 898; 6 417; 6 782; 5 971; 6 073; 6 076; 5 789; 6 537; 6 267; 5 507; 4 882; 71 151;-19,7%
Greece;Karpathos;AOK; 181 065; 2 624; 2 266; 2 845; 4 011; 11 478; 26 733; 35 819; 40 758; 30 028; 8 020; 2 396; 2 220; 169 198;-6,6%
Greece;Kavala;KVA; 252 239; 5 722; 5 184; 6 306; 9 064; 18 597; 27 673; 39 670; 38 995; 29 959; 11 200; 5 759; 4 615; 202 744;-19,6%
Greece;Kefallinia;EFL; 345 947; 2 089; 2 135; 2 807; 6 415; 37 711; 65 891; 85 046; 83 681; 70 099; 18 260; 2 152; 1 710; 377 996;9,3%
Greece;Kos;KGS;1 926 219; 12 542; 11 535; 15 029; 43 963; 172 189; 292 441; 378 753; 408 751; 315 996; 120 677; 14 059; 11 456;1 797 391;-6,7%
Greece;Limnos;LXS; 92 762; 4 918; 4 618; 5 261; 6 875; 6 937; 9 848; 10 820; 10 977; 9 848; 6 368; 4 204; 4 010; 84 684;-8,7%
Greece;Mykonos;JMK; 481 806; 3 230; 3 937; 5 295; 11 978; 29 069; 64 834; 129 239; 152 518; 75 424; 19 398; 3 374; 2 611; 500 907;4,0%
Greece;Mytilene;MJT; 469 374; 21 870; 20 333; 24 506; 32 309; 38 198; 45 084; 55 324; 58 760; 49 708; 27 943; 20 479; 18 896; 413 410;-11,9%
Greece;Preveza/Lefkas;PVK; 293 987;  223;  181;  466; 1 827; 26 324; 51 216; 69 156; 61 264; 59 922; 15 105;  651;  262; 286 597;-2,5%
Greece;Rhodes;RHO;4 149 274; 42 537; 36 447; 45 553; 152 936; 399 641; 575 505; 745 468; 777 164; 649 715; 301 709; 45 898; 43 366;3 815 939;-8,0%
Greece;Samos;SMI; 408 580; 10 034; 9 054; 10 303; 14 134; 32 688; 53 279; 69 886; 69 746; 56 217; 21 605; 9 102; 8 525; 364 573;-10,8%
Greece;Santorini;JTR; 781 753; 6 101; 6 355; 11 578; 27 247; 72 627; 112 859; 163 931; 174 967; 122 969; 47 721; 9 089; 6 921; 762 365;-2,5%
Greece;Skiathos;JSI; 246 396;  554;  504;  801; 1 475; 18 300; 52 856; 63 183; 67 454; 44 818; 3 805;  541;  399; 254 690;3,4%
Greece;Thessaloniki;SKG;4 061 697; 230 843; 205 634; 244 222; 326 872; 346 917; 442 233; 543 323; 558 468; 464 170; 336 504; 232 125; 245 920;4 177 231;2,8%
Greece;Zakinthos;ZTH; 920 403;  943;  940; 1 295; 5 603; 68 868; 159 279; 208 569; 216 613; 165 645; 40 993; 1 497; 1 065; 871 310;-5,3%
Hungary;Budapest;BUD;8 920 653; 568 782; 424 633; 580 977; 712 064; 758 243; 795 679; 892 015; 895 183; 840 417; 796 721; 642 326; 596 980;8 504 020;-4,7%
Iceland;Keflavik;KEF;2 474 806; 115 522; 118 098; 149 066; 180 694; 210 451; 342 826; 424 752; 409 573; 265 076; 230 604; 164 950; 152 414;2 764 026;11,7%
Ireland;Cork;ORK;2 361 851; 139 363; 137 845; 158 815; 189 057; 210 298; 250 970; 269 657; 269 706; 217 629; 193 107; 154 226; 149 468;2 340 141;-0,9%
Ireland;Dublin;DUB;18 741 095;1 134 270;1 167 224;1 440 499;1 590 636;1 705 039;1 885 980;2 023 313;2 005 808;1 815 722;1 702 412;1 323 388;1 296 663;19 090 954;1,9%
Ireland;Knock;NOC; 654 553;31 868;37 686;46 472; 63 421;66 853;69 250; 78 984; 89 782; 61 682; 56 851; 42 751; 39 400; 685 000;4,7%
Ireland;Shannon;SNN;1 625 549; 76 805; 74 765; 97 485; 118 044; 136 573; 148 531; 158 603; 165 560; 132 862; 111 699; 90 701; 83 153;1 394 781;-14,2%
Italy;All airports;;148 472 644;9 574 430;8 606 701;10 798 240;12 588 809;13 173 178;14 084 383;15 851 037;15 986 277;14 586 492;12 518 062;9 429 673;9 438 594;146 636 486;-1,2%
Italy;Alghero;AHO;1 513 245; 75 778; 60 363; 87 656; 129 762; 135 621; 165 022; 199 492; 210 290; 168 195; 125 438; 75 154; 85 445;1 518 216;0,3%
Italy;Ancona;AOI; 601 845; 33 865; 24 321; 38 131; 53 002; 51 262; 57 245; 63 568; 65 020; 60 835; 51 027; 32 028; 29 622; 559 926;-7,0%
Italy;Bari;BRI;3 721 506; 257 122; 231 677; 286 062; 329 568; 344 908; 352 503; 394 219; 383 416; 362 018; 325 220; 259 220; 251 494;3 777 427;1,5%
Italy;Bologna;BLQ;5 876 213; 392 127; 310 304; 445 788; 512 800; 514 985; 555 435; 625 783; 632 697; 627 035; 524 119; 405 019; 406 304;5 952 396;1,3%
Italy;Brindisi;BDS;2 055 542; 135 636; 127 089; 149 814; 170 455; 186 076; 210 138; 233 917; 225 185; 207 154; 176 763; 137 572; 138 048;2 097 847;2,1%
Italy;Cagliari;CAG;3 693 982; 197 747; 172 675; 223 272; 303 627; 322 071; 376 542; 436 798; 466 614; 381 468; 287 464; 204 940; 213 459;3 586 677;-2,9%
Italy;Catania;CTA;6 789 601; 412 433; 352 905; 440 604; 571 016; 601 065; 624 322; 706 441; 722 726; 641 358; 531 503; 246 290; 392 162;6 242 851;-8,1%
Italy;Florence;FLO;1 893 182; 121 881; 101 566; 138 557; 159 316; 177 850; 181 674; 185 537; 184 073; 192 219; 174 342; 123 810; 101 192;1 842 017;-2,7%
Italy;Forli;FRL; 345 135; 21 171; 13 352; 21 054; 26 889; 24 244; 25 577; 29 430; 29 615; 24 727; 15 755; 12 711; 16 607; 261 132;-24,3%
Italy;Genoa;GOA;1 397 022; 95 730; 84 492; 107 133; 114 781; 123 760; 131 420; 142 226; 137 234; 138 492; 120 957; 89 137; 88 570;1 373 932;-1,7%
Italy;Lamezia Terme;SUF;2 300 460; 134 850; 118 477; 144 172; 172 297; 190 949; 220 581; 267 180; 268 857; 229 865; 181 971; 136 484; 141 843;2 207 526;-4,0%
Italy;Milan Bergamo;BGY;8 416 961; 586 444; 536 606; 676 850; 788 697; 785 035; 830 370; 921 780; 960 833; 824 464; 759 045; 609 395; 608 774;8 888 293;5,6%
Italy;Milan Linate;LIN;9 063 827; 654 810; 632 161; 749 616; 772 823; 808 421; 833 210; 934 111; 827 467; 883 590; 774 875; 678 911; 634 413;9 184 408;1,3%
Italy;Milan Malpensa;MXP;19 291 427;1 360 413;1 218 450;1 477 180;1 595 303;1 548 178;1 683 147;1 905 507;1 933 807;1 745 568;1 502 795;1 249 600;1 304 864;18 524 812;-4,0%
Italy;Naples;NAP;5 756 600; 332 053; 320 981; 406 072; 509 107; 565 607; 583 026; 611 544; 637 946; 605 417; 534 436; 346 399; 339 201;5 791 789;0,6%
Italy;Olbia;OLB;1 850 911; 40 549; 34 334; 48 231; 93 456; 148 323; 255 432; 361 896; 416 823; 261 188; 112 022; 47 394; 46 892;1 866 540;0,8%
Italy;Palermo;PMO;4 988 832; 279 065; 236 538; 315 452; 413 347; 436 743; 462 852; 515 716; 532 099; 463 860; 373 204; 292 750; 284 058;4 605 684;-7,7%
Italy;Parma;PMF; 269 003; 8 806; 7 365; 9 781; 18 254; 16 002; 18 495; 20 918; 25 022; 18 297; 15 011; 9 234; 9 024; 176 209;-34,5%
Italy;Perugia;PEG; 171 395; 6 232; 5 433; 8 129; 19 843; 18 158; 19 960; 25 788; 33 242; 21 231; 18 125; 10 562; 11 182; 197 885;15,5%
Italy;Pescara;PSR; 546 618; 32 268; 26 478; 39 812; 53 294; 55 096; 50 647; 59 311; 64 883; 54 620; 51 513; 36 644; 35 905; 560 471;2,5%
Italy;Pisa;PSA;4 519 118; 245 816; 222 591; 286 842; 408 393; 432 006; 469 307; 531 968; 543 735; 461 703; 385 556; 249 316; 250 667;4 487 900;-0,7%
Italy;Reggio Calabria;REG; 558 440; 39 177; 32 073; 38 032; 47 828; 48 092; 53 010; 62 839; 65 470; 54 226; 41 497; 44 775; 42 744; 569 763;2,0%
Italy;Rimini;RMI; 915 929; 47 922; 28 801; 52 626; 71 233; 85 303; 96 900; 110 295; 97 095; 88 101; 55 729; 34 686; 23 926; 792 617;-13,5%
Italy;Rome Ciampino;CIA;4 741 296; 340 924; 322 461; 395 973; 401 539; 410 751; 403 221; 437 379; 450 544; 315 618; 381 630; 312 841; 292 949;4 465 830;-5,8%
Italy;Rome Fiumicino;FCO;37 651 222;2 454 396;2 182 336;2 790 946;3 165 193;3 316 680;3 420 040;3 858 217;3 826 135;3 714 508;3 259 726;2 537 024;2 455 108;36 980 309;-1,8%
Italy;Trapani;TPS;1 469 753; 76 271; 73 519; 94 468; 145 990; 147 819; 158 631; 183 903; 198 000; 164 553; 149 078; 91 891; 93 353;1 577 476;7,3%
Italy;Treviso;TSF;1 074 632; 144 077; 149 258; 183 104; 214 239; 214 845; 217 399; 241 292; 242 472; 220 957; 209 484; 149 340; 53 813;2 240 280;108,5%
Italy;Trieste;TRS; 855 763; 46 404; 46 788; 58 090; 79 923; 84 192; 86 498; 97 473; 90 863; 95 359; 81 984; 57 757; 53 813; 879 144;2,7%
Italy;Turin;TRN;3 703 985; 300 634; 271 020; 308 802; 299 398; 311 204; 309 181; 298 312; 307 055; 310 774; 290 338; 248 093; 261 595;3 516 406;-5,1%
Italy;Venice Marco Polo;VCE;8 563 274; 438 827; 433 720; 521 813; 689 700; 776 524; 827 531; 910 064; 915 833; 849 055; 761 217; 539 180; 513 617;8 177 081;-4,5%
Italy;Verona;VRN;3 378 978; 232 274; 205 319; 223 391; 226 210; 258 928; 359 260; 413 039; 416 717; 358 998; 213 472; 132 259; 142 707;3 182 574;-5,8%
Kosovo;Pristina;PRN;1 424 173; 112 961; 80 196; 99 540; 119 484; 114 140; 131 983; 197 331; 196 047; 136 590; 117 935; 97 923; 123 004;1 527 134;7,2%
Latvia;Riga;RIX;5 106 926; 317 135; 286 173; 346 896; 397 016; 424 063; 472 292; 512 208; 497 259; 447 869; 413 802; 323 128; 329 923;4 767 764;-6,6%
Lithuania;Kaunas;KUN; 872 618; 69 356; 62 940; 73 047; 76 771; 81 422; 85 033; 88 724; 86 044; 79 112; 74 605; 26 948; 25 825; 829 827;-4,9%
Lithuania;Palanga;PLQ; 111 333; 9 627; 8 106; 9 661; 10 859; 11 709; 12 643; 14 090; 12 926; 10 630; 10 491; 9 130; 8 297; 128 169;15,1%
Lithuania;Vilnius;VNO;1 712 467; 129 241; 120 894; 142 022; 159 187; 190 877; 228 591; 236 010; 235 096; 209 059; 196 650; 181 376; 179 095;2 208 098;28,9%
Luxembourg;Luxembourg;LUX;1 791 231; 106 856; 115 288; 137 716; 163 570; 166 300; 175 304; 208 061; 210 217; 197 322; 165 178; 143 125; 130 757;1 919 694;7,2%
Macedonia;Skopje;SKP; 763 920; 61 428; 47 767; 56 159; 66 050; 67 920; 77 126; 96 929; 93 877; 76 278; 64 641; 62 502; 64 850; 835 527;9,4%
Malta;Malta;MLA;3 506 226; 165 969; 169 689; 222 042; 304 198; 344 065; 376 128; 445 232; 461 281; 408 039; 348 711; 211 538; 173 524;3 630 416;3,5%
Moldova;Chisinau;KIV;1 045 975; 74 362; 56 099; 63 191; 85 696; 101 296; 128 753; 146 439; 158 195; 141 150; 105 099; 79 048; 80 786;1 220 114;16,6%
Montenegro;Podgorica;TGD; 611 651;35 882;23 074;39 430;47 260; 52 764; 70 351; 84 250; 85 182; 75 341; 48 341; 39 186; 35 976; 637 077;4,2%
Montenegro;Tivat;TIV; 647 184;14 621;13 092;15 857;26 114; 46 111; 116 910; 155 867; 158 362; 114 973; 32 933; 16 794; 13 578; 725 212;12,2%
Morocco;All airports;;15 669 918;1 081 964;1 035 573;1 167 365;1 315 917;1 212 113;1 245 333;1 512 292;1 498 327;1 369 894;1 321 584;1 186 176;1 158 118;15 104 656;-3,6%
Morocco;Agadir;AGA;1 516 247; 100 763; 101 065; 113 809; 119 110; 112 328; 114 031; 129 918; 136 524; 120 671; 128 896; 109 424; 98 392;1 384 931;-8,7%
Morocco;Casablanca;CMN;7 290 314; 536 508; 486 714; 536 466; 602 042; 541 103; 593 158; 727 674; 703 622; 669 319; 621 461; 578 746; 589 518;7 186 331;-1,4%
Morocco;Fez;FEZ; 792 611; 43 653; 44 218; 57 005; 56 560; 59 432; 56 213; 71 609; 72 452; 58 014; 58 445; 53 220; 44 800; 675 621;-14,8%
Morocco;Marrakech;RAK;3 430 174; 238 264; 247 295; 293 962; 332 455; 299 841; 262 347; 271 419; 282 005; 286 507; 312 093; 282 669; 264 618;3 373 475;-1,7%
Morocco;Nador;NDR; 572 388; 37 953; 33 268; 48 317; 47 969; 49 470; 56 345; 78 761; 74 138; 55 597; 51 920; 38 869; 39 475; 612 082;6,9%
Morocco;Oujda;OUD; 509 188; 22 178; 22 637; 26 882; 34 182; 34 465; 42 812; 67 856; 67 933; 48 586; 31 040; 24 300; 21 924; 444 795;-12,6%
Morocco;Rabat;RBA; 372 145; 25 026; 25 310; 27 280; 26 614; 25 893; 27 370; 38 560; 36 511; 30 955; 31 128; 31 083; 26 137; 351 867;-5,4%
Morocco;Tangier;TNG; 849 882; 55 208; 51 645; 57 005; 63 223; 62 191; 66 839; 94 443; 94 778; 74 519; 61 281; 53 220; 53 243; 787 595;-7,3%
Netherlands;Amsterdam;AMS;49 755 252;3 430 491;3 304 220;3 876 460;4 194 941;4 548 776;4 618 002;5 224 913;5 139 235;4 761 804;4 645 482;3 696 548;3 594 718;51 035 590;2,6%
Netherlands;Eindhoven;EIN;2 643 483; 167 695; 168 878; 202 304; 258 294; 298 528; 285 089; 331 770; 322 007; 288 539; 285 526; 183 654; 185 359;2 977 643;12,6%
Netherlands;Groningen;GRQ; 148 850; 4 856; 5 511; 6 011; 8 406; 26 172; 28 953; 29 579; 35 967; 29 839; 21 693; 5 787; 5 895; 208 660;40,2%
Netherlands;Maastricht;MST; 361 941; 5 909; 4 952; 11 359; 33 342; 40 966; 36 771; 49 929; 49 011; 39 951; 33 513; 9 168; 16 671; 331 542;-8,4%
Netherlands;Rotterdam;RTM;1 158 420; 76 109; 79 695; 93 058; 86 840; 134 773; 131 610; 144 872; 143 806; 136 973; 125 846; 55 867; 63 698;1 273 147;9,9%
Norway;All airports;;48 192 971;3 439 957;3 570 802;4 232 815;3 871 022;4 537 380;4 646 636;4 648 926;4 600 568;4 659 544;4 672 681;4 185 898;3 481 347;50 547 576;4,9%
Norway;Alesund;AES; 928 411; 74 210; 79 458; 88 411; 79 171; 92 120; 91 222; 79 909; 85 904; 89 964; 90 740; 83 049; 67 229;1 001 387;7,9%
Norway;Alta;ALF; 344 775; 24 132; 26 058; 30 007; 27 005; 32 126; 30 025; 35 152; 34 059; 31 167; 28 864; 25 294; 21 184; 345 073;0,1%
Norway;Bardufoss;BDU; 194 624; 14 012; 13 931; 17 517; 15 841; 18 639; 19 064; 21 920; 17 413; 16 601; 16 628; 16 751; 15 492; 203 809;4,7%
Norway;Bergen;BGO;5 606 797; 398 214; 413 371; 481 510; 432 300; 516 439; 520 509; 501 541; 520 666; 521 445; 543 727; 494 432; 400 616;5 744 770;2,5%
Norway;Bodo;BOO;1 736 754; 126 406; 131 834; 154 412; 125 692; 158 954; 151 777; 159 151; 157 456; 153 102; 153 961; 143 235; 114 011;1 729 991;-0,4%
Norway;Harstad/Narvik;EVE; 598 017; 36 371; 40 425; 49 697; 45 987; 58 970; 59 697; 70 794; 61 939; 52 325; 51 822; 45 808; 42 082; 615 917;3,0%
Norway;Haugesund;HAU; 604 987; 41 628; 44 770; 48 817; 54 419; 63 181; 61 934; 59 984; 61 962; 62 163; 66 083; 54 973; 44 561; 664 475;9,8%
Norway;Kirkenes;KKN; 301 190; 19 478; 22 849; 26 369; 21 919; 28 639; 27 668; 30 415; 30 082; 26 120; 24 386; 21 061; 18 854; 297 840;-1,1%
Norway;Kristiansand;KRS; 953 202; 73 571; 74 039; 88 881; 78 457; 93 017; 93 330; 75 071; 83 239; 102 332; 98 753; 89 927; 68 076;1 018 693;6,9%
Norway;Kristiansund;KSU; 363 191; 29 378; 30 903; 30 832; 30 087; 37 361; 29 699; 31 906; 33 559; 34 362; 36 363; 32 093; 44 561; 401 104;10,4%
Norway;Molde;MOL; 438 510; 30 484; 32 721; 36 439; 32 806; 39 544; 42 249; 38 472; 39 411; 41 386; 43 639; 38 574; 32 119; 447 844;2,1%
Norway;Moss Rygge;RYG;1 667 705; 81 306; 97 719; 116 599; 155 375; 150 212; 174 162; 216 180; 178 116; 165 395; 171 729; 109 481; 115 765;1 732 039;3,9%
Norway;Oslo;OSL;21 093 349;1 501 906;1 609 833;1 847 681;1 684 642;1 962 910;2 055 071;2 072 534;1 992 314;2 039 604;2 022 346;1 788 373;1 501 867;22 079 081;4,7%
Norway;Sandefjord Torp;TRF;1 350 115; 84 726; 89 475; 122 881; 144 427; 157 222; 156 218; 193 647; 174 934; 165 574; 167 403; 128 273; 120 982;1 705 762;26,3%
Norway;Stavanger;SVG;4 131 974; 309 204; 317 475; 378 284; 321 031; 382 898; 394 486; 369 476; 400 982; 412 315; 400 373; 391 251; 314 904;4 392 679;6,3%
Norway;Svalbard;LYR; 126 350; 4 587; 8 487; 10 435; 12 386; 11 553; 12 642; 18 922; 18 835; 11 238; 9 156; 7 655; 6 140; 132 036;4,5%
Norway;Tromso;TOS;1 800 093; 138 507; 150 044; 165 941; 138 324; 168 204; 166 262; 176 673; 168 129; 162 161; 160 282; 163 265; 130 660;1 888 452;4,9%
Norway;Trondheim;TRD;3 926 461; 289 179; 307 816; 360 033; 315 274; 377 395; 379 746; 323 722; 362 045; 392 133; 397 964; 368 266; 286 589;4 160 162;6,0%
Poland;Bydgoszcz;BZG; 279 536; 18 497; 17 141; 20 354; 27 940; 30 885; 33 577; 43 256; 41 901; 34 933; 28 919; 20 681; 21 931; 340 015;21,6%
Poland;Gdansk;GDN;2 463 978; 169 906; 162 919; 181 311; 247 770; 294 794; 347 910; 335 538; 285 625; 267 635; 238 122; 187 018; 187 162;2 905 710;17,9%
Poland;Katowice;KTW;2 544 124; 141 907; 135 590; 155 770; 180 901; 233 349; 288 767; 339 864; 326 611; 277 424; 191 393; 143 861; 135 411;2 550 848;0,3%
Poland;Krakow;KRK;3 013 960; 200 697; 207 126; 240 352; 287 382; 328 054; 343 810; 375 481; 354 280; 340 385; 304 212; 223 025; 233 954;3 438 758;14,1%
Poland;Lodz;LCJ; 389 286; 29 356; 26 835; 32 587; 40 228; 43 322; 46 729; 57 085; 40 386; 36 291; 38 115; 22 384; 27 966; 441 284;13,4%
Poland;Poznan;POZ;1 463 612; 95 801; 91 273; 97 765; 119 334; 158 521; 200 539; 200 815; 186 000; 168 461; 119 074; 79 134; 79 139;1 595 856;9,0%
Poland;Rzeszow;RZE; 488 197; 35 019; 33 150; 41 002; 47 153; 50 998; 54 468; 66 339; 62 559; 54 606; 49 237; 32 440; 35 387; 562 358;15,2%
Poland;Szczecin;SZZ; 262 086; 18 954; 17 561; 19 895; 23 999; 39 458; 50 256; 46 943; 39 219; 31 408; 29 466; 19 702; 19 145; 356 006;35,8%
Poland;Warsaw;WAW;9 337 907; 609 083; 584 328; 696 000; 814 350; 981 700;1 077 000;1 084 000; 917 000; 894 000; 740 863; 585 208; 602 000;9 585 532;2,7%
Poland;Warsaw Modlin;WMI;NEW;;;;;;; 78 567; 171 224; 183 113; 170 355; 164 692; 129 661; 897 612;new
Poland;Wroclaw;WRO;1 657 235; 112 168; 105 429; 121 654; 172 666; 203 897; 225 028; 239 068; 216 784; 198 493; 161 689; 118 980; 120 696;1 996 552;20,5%
Portugal;All ANA airports;;27 668 558;1 608 731;1 556 682;1 903 338;2 408 361;2 508 060;2 917 175;3 458 216;3 331 930;2 952 605;2 576 019;1 710 448;1 723 462;28 655 027;3,6%
Portugal;Faro;FAO;5 615 580; 154 801; 174 166; 277 752; 492 244; 581 672; 687 249; 814 969; 814 850; 726 120; 593 886; 208 757; 146 627;5 673 093;1,0%
Portugal;Horta;HOR; 191 969; 9 776; 9 098; 11 110; 13 699; 15 708; 15 729; 25 299; 30 081; 18 679; 11 470; 8 677; 9 552; 178 878;-6,8%
Portugal;Lisbon;LIS;14 790 242; 987 991; 935 911;1 109 318;1 291 612;1 300 010;1 378 993;1 605 600;1 647 569;1 527 335;1 385 145;1 053 180;1 078 527;15 301 191;3,5%
Portugal;Madeira Funchal;FNC;2 311 380; 136 548; 133 266; 166 393; 216 495; 198 580; 185 495; 228 886; 252 932; 213 481; 184 993; 144 531; 143 712;2 205 312;-4,6%
Portugal;Ponta Delgada/Sao Paulo II;PDL; 928 801; 48 487; 45 457; 56 348; 73 507; 77 688; 81 107; 114 321; 131 223; 93 721; 68 568; 47 821; 50 276; 888 524;-4,3%
Portugal;Porto;OPO;6 003 408; 397 402; 384 910; 441 392; 528 892; 523 077; 544 416; 636 578; 692 908; 575 702; 508 831; 384 301; 431 921;6 050 330;0,8%
Portugal;Porto Santo;PXO; 106 592; 4 152; 2 682; 1 990; 5 248; 8 416; 14 580; 16 782; 21 335; 13 958; 8 858; 2 649; 2 476; 103 126;-3,3%
Romania;Bacau;BCM; 336 961;22 140;16 480;20 813;37 682;37 456;43 279;49 743;53 378;45 213;27 836;17 835;21 485; 393 340;16,7%
Romania;Bucharest Baneasa;BBU;2 397 990; 161 691; 129 683; 128 928;;;;;;;;;; 420 302;-82,5%
Romania;Bucharest Otopeni;OTP;5 049 443; 337 246; 291 039; 407 415; 624 219; 683 574; 703 548; 795 007; 806 653; 744 941; 650 289; 537 487; 538 606;7 120 024;41,0%
Romania;Cluj Napoca;CLJ;1 004 555; 68 856; 57 845; 72 030; 80 238; 66 586; 89 184; 98 428;;;;; 69 646; 932 000;-7,2%
Romania;Iasi;IAS; 184 311;;;;;;;;;;;;; 170 645;-7,4%
Romania;Sibiu;SBZ; 189 750; 12 393; 12 595; 14 665; 15 824; 18 986; 18 336; 21 200; 23 224; 20 674; 17 400; 16 224; 14 269; 205 954;8,5%
Romania;Timisoara;TSR;1 202 925;82 430;64 837;81 449;90 247;95 076;101 672;105 486;106 390;98 881;80 975;66 168;62 318;1 035 929;-13,9%
Russia;Ekaterinburg;SVX;3 289 052; 236 540; 221 061; 251 973; 266 633; 314 738; 366 767; 404 167; 419 827;;;;;3 783 069;15,0%
Russia;Kazan;KZN;1 226 762; 85 057; 83 174; 95 134; 96 620; 119 872; 149 536; 161 114; 164 964; 160 122; 133 795; 124 274; 113 175;1 486 837;21,2%
Russia;Khabarovsk;KHV;1 517 596; 112 049; 108 211; 120 734; 135 263; 140 458; 163 122; 194 423; 199 174;;;;;1 883 952;24,1%
Russia;Moscow Domodedovo;DME;25 701 610;1 846 941;1 586 263;1 850 300;2 042 656;2 267 260;2 751 577;3 139 513;3 232 687;2 875 168;2 418 399;2 080 266;2 074 627;28 165 657;9,6%
Russia;Moscow Sheremetyevo;SVO;22 351 317;1 730 419;1 605 672;1 839 271;1 927 912;2 100 607;2 470 916;2 756 826;2 842 147;2 662 237;2 235 003;1 967 695;1 894 270;26 032 975;16,5%
Russia;Moscow Vnukovo;VKO;8 197 162; 570 984; 513 753; 601 258; 724 951; 817 151; 979 934;1 102 368;1 135 496;1 001 941; 847 018; 722 869; 681 729;9 699 452;18,3%
Russia;Novosibirsk;OVB;2 624 344; 203 811; 194 114; 213 297; 215 025; 235 498; 298 070; 347 386; 350 635;;;; 262 834;3 266 745;24,5%
Russia;Rostov-on-Don;ROV;1 716 078; 121 110; 108 184; 118 669; 133 839; 163 138; 182 444; 196 343; 208 877;;;;;1 873 600;9,2%
Russia;Samara;KUF;1 713 709; 114 857; 110 386; 122 858; 132 727; 157 772; 185 435; 202 603; 207 857; 193 396; 163 321;;;1 890 483;10,3%
Russia;St Petersburg;LED;9 610 113; 662 572; 576 185; 686 477; 775 794; 965 908;1 231 239;1 320 530;1 321 144;1 163 202; 927 935; 769 436; 754 131;11 154 553;16,1%
Russia;Vladivostok;VVO;1 441 400; 112 936; 105 237; 116 657; 122 985; 128 804; 147 597; 164 471; 170 922;;;;;1 624 000;12,7%
Serbia;Belgrade;BEG;3 124 537; 214 579; 173 606; 216 025; 267 354; 284 522; 325 896; 409 807; 411 340; 339 400; 275 583; 221 078; 224 869;3 364 059;7,7%
Slovakia;Bratislava;BTS;1 585 064; 63 461; 61 138; 77 112; 94 203; 103 943; 161 313; 229 765; 232 978; 168 600; 107 343; 54 024; 62 237;1 416 117;-10,7%
Slovakia;Kosice;KSC; 266 421; 10 308; 11 018; 13 401; 12 991; 13 424; 27 709; 44 134; 42 661; 25 473; 14 082; 11 228; 9 325; 235 754;-11,5%
Slovenia;Ljubljana;LJU;1 287 461; 66 588; 68 708; 82 513; 93 078; 100 190; 116 170; 143 606; 135 835; 126 808; 94 825; 76 379; 63 308;1 168 008;-9,3%
Spain;All airports;;204 373 288;11 769 355;11 644 922;14 219 294;16 111 487;17 204 238;19 200 237;22 064 412;22 151 702;19 619 110;16 999 259;11 839 672;11 405 968;194 229 656;-5,0%
Spain;A Coruna;LCG;1 012 800; 63 197; 51 954; 64 679; 57 495; 76 470; 78 310; 85 015; 77 871; 84 701; 81 852; 69 586; 54 322; 845 452;-16,5%
Spain;Alicante;ALC;9 913 764; 424 309; 455 827; 603 500; 769 522; 826 248; 897 867;1 076 170;1 065 962; 932 455; 834 999; 519 746; 448 836;8 855 441;-10,7%
Spain;Almeria;LEI; 780 860; 36 644; 49 122; 57 571; 75 172; 68 450; 81 007; 92 995; 95 410; 80 277; 54 596; 29 700; 28 768; 749 712;-4,0%
Spain;Asturias;OVD;1 339 010; 69 066; 72 889; 94 233; 109 744; 114 075; 128 097; 152 689; 146 503; 131 408; 111 974; 86 910; 92 052;1 309 640;-2,2%
Spain;Barcelona;BCN;34 399 180;2 164 075;2 101 807;2 605 612;2 994 780;3 154 949;3 402 907;3 824 658;3 874 131;3 497 748;3 054 588;2 279 806;2 190 115;35 145 176;2,2%
Spain;Bilbao;BIO;4 045 613; 242 904; 259 491; 334 632; 345 273; 381 344; 402 054; 467 989; 425 917; 397 273; 362 242; 285 562; 266 411;4 171 092;3,1%
Spain;El Hierro;VDE; 170 225; 11 548; 13 083; 12 841; 13 037; 13 355; 12 920; 13 344; 14 336; 11 888; 12 444; 11 608; 12 322; 152 726;-10,3%
Spain;Fuerteventura;FUE;4 948 018; 368 260; 361 215; 410 986; 380 366; 311 360; 341 389; 404 778; 424 838; 372 472; 384 567; 326 780; 312 172;4 399 183;-11,1%
Spain;Girona;GRO;3 007 649; 88 029; 91 025; 136 196; 279 382; 301 253; 329 057; 391 168; 410 326; 345 117; 282 810; 98 802; 91 517;2 844 682;-5,4%
Spain;Gran Canaria;LPA;10 538 811; 936 123; 907 889; 990 977; 801 027; 658 741; 688 825; 802 532; 803 169; 714 298; 812 124; 875 409; 901 174;9 892 288;-6,1%
Spain;Granada;GRX; 872 762; 57 563; 53 371; 66 358; 59 240; 68 193; 66 827; 67 858; 65 421; 64 364; 56 672; 49 033; 53 528; 728 428;-16,5%
Spain;Ibiza;IBZ;5 643 152; 100 912; 105 742; 155 778; 256 414; 486 864; 797 623;1 070 635;1 142 547; 861 549; 376 912; 99 935; 100 160;5 555 071;-1,6%
Spain;Jerez de la Frontera;XRY;1 029 598; 37 367; 46 150; 68 512; 75 672; 91 235; 96 227; 111 823; 113 454; 101 194; 93 674; 45 072; 32 921; 913 301;-11,3%
Spain;Lanzarote;ACE;5 545 803; 411 537; 397 092; 449 336; 434 899; 385 813; 410 856; 499 102; 514 550; 444 503; 446 892; 390 621; 384 185;5 169 386;-6,8%
Spain;La Palma;SPC;1 067 431; 84 003; 87 654; 90 513; 82 458; 75 994; 75 779; 87 493; 91 194; 73 348; 71 760; 70 974; 74 609; 965 779;-9,5%
Spain;Madrid;MAD;49 662 512;3 344 167;3 147 281;3 687 494;3 870 983;3 965 471;4 161 523;4 532 651;4 305 470;4 085 844;3 869 241;3 151 882;3 073 007;45 195 014;-9,0%
Spain;Malaga;AGP;12 823 125; 550 899; 598 370; 824 726;1 167 237;1 215 532;1 331 302;1 529 286;1 547 217;1 375 735;1 214 074; 646 301; 581 512;12 582 191;-1,9%
Spain;Melilla;MLN; 286 761; 22 939; 22 333; 26 842; 27 125; 26 048; 26 536; 26 924; 24 921; 27 747; 29 783; 26 880; 27 774; 315 852;10,1%
Spain;Menorca;MAH;2 576 209; 51 253; 50 731; 72 442; 86 093; 207 524; 365 857; 501 681; 563 542; 379 684; 156 228; 54 206; 56 703;2 545 944;-1,2%
Spain;Murcia San Javier;MJV;1 262 541; 28 725; 34 584; 55 779; 112 967; 124 517; 153 688; 165 756; 174 744; 147 987; 126 173; 34 828; 21 742;1 181 490;-6,4%
Spain;Palma de Mallorca;PMI;22 726 459; 614 434; 666 248;1 024 126;1 632 838;2 356 125;2 917 877;3 435 936;3 494 008;3 033 097;2 166 859; 710 141; 614 993;22 666 682;-0,3%
Spain;Pamplona;PNA; 238 380; 13 110; 15 088; 19 424; 15 076; 18 801; 17 651; 19 794; 12 275; 16 406; 15 812; 14 900; 11 958; 190 295;-20,2%
Spain;Reus;REU;1 362 472; 1 029;  496; 10 265; 63 551; 112 692; 153 433; 165 873; 163 024; 136 986; 90 763; 23 153; 16 181; 937 446;-31,2%
Spain;San Sebastian;EAS; 248 054; 16 929; 18 511; 20 153; 23 282; 24 778; 27 005; 25 885; 19 444; 24 089; 24 935; 20 766; 15 804; 261 581;5,5%
Spain;Santander;SDR;1 116 398; 69 735; 74 959; 83 348; 105 142; 98 393; 108 868; 126 619; 123 326; 104 316; 93 301; 63 363; 66 247;1 117 617;0,1%
Spain;Santiago de Compostela;SCQ;2 464 431; 144 689; 155 187; 178 594; 193 020; 181 748; 199 401; 226 304; 245 564; 204 512; 174 456; 137 981; 153 155;2 194 611;-10,9%
Spain;Seville;SVQ;4 959 365; 284 294; 315 867; 379 213; 418 229; 401 987; 380 715; 402 778; 393 548; 395 023; 364 832; 277 173; 273 829;4 287 488;-13,5%
Spain;Tenerife Norte;TFN;4 095 103; 299 962; 281 376; 305 555; 315 105; 315 510; 322 458; 361 009; 362 830; 304 888; 292 931; 264 833; 291 487;3 717 944;-9,2%
Spain;Tenerife Sur;TFS;8 656 480; 801 843; 764 304; 845 854; 740 317; 549 238; 601 933; 656 464; 687 336; 628 304; 756 371; 754 394; 744 459;8 530 817;-1,5%
Spain;Valencia;VLC;4 979 629; 286 541; 293 868; 367 545; 429 254; 413 737; 439 498; 528 083; 551 366; 459 687; 407 314; 290 024; 285 103;4 752 020;-4,6%
Spain;Valladolid;VLL; 462 477; 22 641; 27 957; 33 948; 39 210; 39 267; 29 762; 36 332; 39 656; 34 601; 36 397; 18 429; 20 219; 378 419;-18,2%
Spain;Vigo;VGO; 976 152; 57 726; 56 370; 61 841; 64 443; 71 024; 82 331; 88 956; 88 115; 78 561; 70 413; 54 374; 54 566; 828 720;-15,1%
Spain;Zaragoza;ZAZ; 751 097; 42 057; 44 211; 51 076; 48 185; 37 801; 42 450; 55 468; 57 679; 44 858; 50 935; 38 541; 38 145; 551 406;-26,6%
Sweden;Top 22 airport;;36 482 422;2 568 742;2 650 600;3 106 864;3 098 819;3 468 191;3 428 437;3 130 852;3 274 175;3 441 582;3 427 029;3 044 081;2 557 069;37 196 441;2,0%
Sweden;Angelholm;AGH; 396 757; 26 752; 29 863; 35 719; 33 018; 39 373; 34 699; 26 812; 34 810; 38 469; 39 609; 38 699; 26 611; 404 434;1,9%
Sweden;Gothenburg City;GSE; 772 669; 41 445; 42 501; 53 303; 77 472; 78 638; 80 607; 102 331; 89 365; 74 718; 79 228; 46 805; 41 350; 807 763;4,5%
Sweden;Gothenburg Landvetter;GOT;4 906 639; 356 687; 355 758; 409 025; 389 696; 437 110; 448 806; 409 497; 414 931; 456 866; 431 760; 399 493; 347 979;4 857 608;-1,0%
Sweden;Halmstad;HAD; 104 755; 6 662; 7 547; 8 788; 7 659; 8 754; 5 763; 4 037; 7 289; 11 139; 11 435; 9 898; 6 684; 95 655;-8,7%
Sweden;Kalmar;KLR; 176 877; 13 017; 14 395; 15 905; 13 491; 18 567; 15 442; 8 194; 14 697; 20 165; 18 841; 18 883; 13 873; 185 470;4,9%
Sweden;Karlstad;KSD; 108 893; 8 202; 9 027; 8 305; 7 523; 9 474; 8 624; 4 652; 8 226; 12 436; 10 283; 8 226; 5 428; 100 406;-7,8%
Sweden;Kiruna;KRN; 164 103; 16 952; 22 019; 22 509; 15 796; 14 474; 13 365; 17 430; 19 118; 13 645; 12 345; 13 069; 17 300; 198 022;20,7%
Sweden;Linkoping;LPI; 103 150; 8 375; 8 601; 10 551; 10 593; 10 968; 10 745; 7 377; 7 602; 11 020; 11 012; 10 375; 8 377; 115 596;12,1%
Sweden;Lulea;LLA;1 066 548; 76 636; 84 183; 98 795; 88 345; 107 061; 96 688; 77 433; 85 034; 99 847; 98 498; 96 342; 79 194;1 088 056;2,0%
Sweden;Malmo;MMX;1 946 059; 140 784; 145 983; 171 064; 179 279; 208 251; 196 148; 164 643; 193 413; 202 678; 191 530; 172 791; 138 182;2 104 746;8,2%
Sweden;Norrkoping;NRK; 114 088; 8 428; 9 061; 10 058; 6 288; 7 091; 10 026; 11 237; 12 133; 14 591; 6 494; 8 420; 7 182; 111 009;-2,7%
Sweden;Ostersund;OSD; 377 706; 35 082; 40 195; 46 301; 32 862; 35 169; 26 673; 13 853; 22 923; 34 491; 36 052; 34 126; 25 508; 383 235;1,5%
Sweden;Ronneby;RNB; 226 948; 16 448; 18 504; 21 532; 19 447; 21 670; 17 856; 9 477; 14 827; 20 704; 22 121; 21 612; 14 767; 218 965;-3,5%
Sweden;Skelleftea;SFT; 277 956; 18 693; 20 283; 24 480; 26 166; 30 370; 27 003; 19 995; 23 154; 27 513; 28 813; 25 558; 20 053; 292 081;5,1%
Sweden;Stockholm Arlanda;ARN;19 064 644;1 375 803;1 395 008;1 641 475;1 609 666;1 784 102;1 844 368;1 718 580;1 743 680;1 773 392;1 787 183;1 611 118;1 390 081;19 674 456;3,2%
Sweden;Stockholm Bromma;BMA;2 183 885; 164 185; 185 740; 215 881; 195 353; 233 484; 186 897; 110 779; 170 478; 216 929; 227 980; 227 861; 154 469;2 290 036;4,9%
Sweden;Stockholm Skavsta;NYO;2 583 123; 126 419; 124 761; 152 360; 222 307; 226 164; 230 953; 269 362; 247 744; 222 720; 222 154; 136 701; 135 944;2 317 589;-10,3%
Sweden;Stockholm Vasteras;VST; 150 190; 4 932; 5 515; 8 162; 17 772; 16 626; 17 687; 20 455; 18 000; 17 950; 20 140; 9 071; 7 162; 163 472;8,8%
Sweden;Sundsvall;SDL; 282 128; 20 423; 24 046; 26 636; 22 318; 31 932; 23 611; 7 390; 20 406; 32 247; 30 851; 26 640; 16 143; 282 643;0,2%
Sweden;Umea;UME; 954 475; 72 131; 73 739; 85 260; 83 461; 100 384; 85 653; 63 494; 75 621; 89 370; 92 906; 89 588; 71 892; 983 499;3,0%
Sweden;Vaxjo;VXO; 180 640; 13 018; 13 806; 15 672; 15 473; 19 045; 17 870; 12 962; 16 871; 23 009; 20 005; 15 082; 11 537; 194 350;7,6%
Sweden;Visby;VBY; 340 189; 17 668; 20 065; 25 083; 24 834; 29 484; 28 771; 50 862; 33 853; 27 683; 27 789; 23 723; 17 353; 327 168;-3,8%
Switzerland;Basle-Mulhouse;BSL;5 053 649; 318 774; 329 410; 400 533; 457 434; 479 675; 500 044; 553 809; 532 457; 509 164; 494 196; 389 123; 389 273;5 353 892;5,9%
Switzerland;Berne;BRN; 169 420; 10 661; 10 953; 12 419; 17 817; 22 212; 25 453; 32 726; 28 715; 37 224; 29 646; 15 406; 15 460; 258 692;52,7%
Switzerland;Geneva;GVA;13 111 741;1 189 048;1 171 145;1 335 781;1 185 522;1 085 347;1 132 712;1 293 808;1 231 226;1 117 734;1 133 591; 905 465;1 118 045;13 899 424;6,0%
Switzerland;Zurich;ZRH;24 337 954;1 712 010;1 694 143;1 967 274;2 108 049;2 130 007;2 202 293;2 473 182;2 395 482;2 288 264;2 254 582;1 788 280;1 788 900;24 802 466;1,9%
Turkey;All airports;;117 347 580;7 413 846;6 963 950;8 320 348;9 640 496;11 523 708;13 219 365;14 873 970;14 827 324;13 970 006;12 143 183;8 904 395;8 157 270;129 957 861;10,7%
Turkey;Adana;ADA;3 273 392; 308 344; 309 336; 307 095; 299 490; 303 494; 323 018; 337 816; 340 710; 329 141; 315 032; 304 718; 299 154;3 777 348;15,4%
Turkey;Ankara;ESB;8 520 649; 724 089; 633 856; 773 554; 743 832; 777 645; 823 129; 852 059; 809 386; 850 628; 777 635; 752 811; 719 262;9 237 886;8,4%
Turkey;Antalya;AYT;25 113 635; 615 166; 618 778; 906 115;1 453 180;2 556 287;3 221 215;3 950 307;3 897 401;3 522 807;2 650 233;1 031 504; 570 674;24 993 667;-0,5%
Turkey;Bodrum;BJV;3 379 198; 52 985; 74 483; 62 836; 143 170; 314 233; 528 221; 692 827; 716 352; 556 628; 308 195; 66 582; 49 312;3 565 824;5,5%
Turkey;Dalaman;DLM;3 732 941; 31 817; 27 866; 40 088; 141 158; 397 566; 611 626; 705 640; 721 917; 638 502; 404 967; 56 876; 31 992;3 810 015;2,1%
Turkey;Diyarbakir;DIY;1 690 653; 136 459; 128 771; 130 806; 139 834; 144 137; 9 865; 9 297; 8 745; 144 350; 150 060; 145 589; 129 330;1 277 243;-24,5%
Turkey;Gaziantep;GZT;1 309 598; 112 830; 106 635; 113 956; 117 465; 120 648; 124 891; 127 263; 135 001; 136 489; 124 832; 115 717; 108 842;1 444 569;10,3%
Turkey;Istanbul Ataturk;IST;37 452 187;2 945 035;2 768 534;3 357 735;3 666 314;3 787 486;4 043 782;4 334 639;4 354 281;4 303 920;4 183 304;3 709 645;3 543 833;44 998 508;20,1%
Turkey;Istanbul Sabiha Gokcen;SAW;12 749 230; 993 702; 924 829;1 048 111;1 224 044;1 220 994;1 370 178;1 401 129;1 431 624;1 363 467;1 314 504;1 038 025;1 156 635;14 487 242;13,6%
Turkey;Izmir;ADB;8 542 811; 604 307; 571 523; 656 050; 712 507; 815 283; 905 108;1 012 768;1 015 822; 947 230; 822 123; 661 371; 632 192;9 356 284;9,5%
Turkey;Kayseri;ASR;1 164 666; 82 374; 76 369; 92 283; 104 487; 111 179; 119 246; 134 141; 139 492; 120 613; 112 864; 83 813; 81 870;1 258 731;8,1%
Turkey;Trabzon;TZX;2 266 793; 190 465; 169 766; 175 977; 172 273; 199 869; 225 346; 246 066; 244 137; 232 261; 217 001; 183 262; 173 450;2 429 873;7,2%
Ukraine;Dnepropetrovsk;DNK; 426 532; 31 047; 27 522; 31 995; 35 365; 38 095; 39 965; 43 038; 42 884; 40 220; 42 154; 38 658; 33 207; 444 150;4,1%
Ukraine;Donetsk;DOK; 829 254;;;;;;;;;;;;;1 000 000;20,6%
Ukraine;Kharkov;HRK; 308 663; 23 005; 22 646; 27 479; 31 914; 38 242; 80 058; 50 605; 56 409; 53 151; 42 304; 38 696; 36 963; 501 472;62,5%
Ukraine;Kiev Borispol;KBP;8 047 072; 562 847; 466 391; 559 170; 619 435; 739 742; 885 994; 968 006; 985 823; 903 556; 701 665; 554 236; 531 226;8 478 091;5,4%
Ukraine;Kiev Zhuliany;IEV;NEW;;;;;;;;;;;;; 862 000;
Ukraine;Lvov;LWO; 296 969;;;;;;;;;;;;; 576 000;94,0%
Ukraine;Odessa;ODS; 824 319; 53 749; 43 675; 54 018; 60 927; 77 203; 91 965; 105 867; 113 551; 101 737; 75 743; 67 013; 62 136; 907 584;10,1%
Ukraine;Simferopol;SIP; 963 894;;;;;;;;;;;;;1 113 900;15,6%
United Kingdom;All airports;;222 333 447;14 177 127;14 271 843;16 782 563;18 297 841;19 616 720;21 567 112;23 062 121;23 387 337;21 876 834;19 849 490;15 517 086;15 430 255;223 836 329;0,7%
United Kingdom;Aberdeen;ABZ;3 082 626; 225 869; 240 609; 273 365; 272 058; 294 845; 289 051; 311 321; 299 089; 300 730; 314 008; 269 235; 239 459;3 329 639;8,0%
United Kingdom;Belfast City;BHD;2 395 624; 149 487; 170 403; 196 781; 205 340; 208 113; 190 223; 189 833; 197 713; 180 615; 185 189; 197 217; 177 146;2 248 060;-6,2%
United Kingdom;Belfast International;BFS;4 102 445; 255 024; 279 579; 315 953; 347 081; 382 527; 430 925; 487 860; 477 955; 414 837; 359 327; 284 121; 278 332;4 313 521;5,1%
United Kingdom;Birmingham;BHX;8 608 828; 501 328; 531 367; 631 139; 701 541; 790 626; 912 710; 976 759;1 029 512; 947 215; 796 014; 568 722; 531 963;8 918 896;3,6%
United Kingdom;Blackpool;BLK; 235 761; 5 815; 6 946; 10 330; 15 151; 20 080; 34 047; 37 700; 39 076; 30 342; 16 579; 10 698; 8 833; 235 597;-0,1%
United Kingdom;Bournemouth;BOH; 612 547; 16 539; 31 006; 40 829; 60 963; 73 994; 85 188; 88 454; 94 124; 87 122; 80 533; 18 771; 13 849; 691 372;12,9%
United Kingdom;Bristol;BRS;5 768 011; 318 416; 357 956; 407 995; 490 998; 545 034; 609 481; 655 095; 676 265; 620 391; 549 811; 346 452; 339 785;5 917 679;2,6%
United Kingdom;Cardiff;CWL;1 208 268; 39 287; 51 030; 68 119; 63 113; 99 657; 117 046; 126 578; 129 409; 124 018; 100 030; 55 615; 43 808;1 017 710;-15,8%
United Kingdom;City of Derry;LDY; 405 568; 24 857; 28 318; 30 426; 33 372; 34 770; 36 086; 43 232; 44 458; 33 136; 32 535; 29 195; 27 833; 398 218;-1,8%
United Kingdom;Doncaster/Sheffield;DSA; 821 615; 38 818; 34 741; 40 201; 48 949; 67 566; 79 580; 84 969; 86 850; 76 623; 66 970; 34 995; 33 330; 693 592;-15,6%
United Kingdom;Durham Tees Valley;MME; 190 284; 12 654; 12 632; 14 883; 13 554; 13 628; 14 855; 14 160; 13 772; 14 627; 13 902; 14 045; 12 040; 164 752;-13,4%
United Kingdom;East Midlands;EMA;4 208 435; 179 786; 209 400; 253 232; 345 808; 409 461; 465 389; 494 115; 527 402; 448 247; 363 318; 202 606; 174 464;4 073 228;-3,2%
United Kingdom;Edinburgh;EDI;9 384 072; 557 520; 611 693; 700 098; 767 732; 844 266; 882 864; 958 316; 937 128; 880 384; 844 090; 631 090; 580 897;9 196 078;-2,0%
United Kingdom;Exeter;EXT; 709 848; 34 442; 35 958; 46 331; 52 766; 71 881; 75 901; 76 948; 80 708; 74 340; 63 069; 43 909; 40 821; 697 074;-1,8%
United Kingdom;Glasgow;GLA;6 858 829; 416 290; 429 643; 507 478; 547 245; 658 385; 734 152; 789 463; 703 584; 736 679; 694 303; 497 441; 438 566;7 153 229;4,3%
United Kingdom;Guernsey;GCI; 899 982; 53 253; 53 418; 67 791; 73 564; 74 843; 80 490; 86 637; 89 994; 85 429; 76 503; 67 754; 61 144; 870 820;-3,2%
United Kingdom;Humberside;HUY; 273 135; 15 087; 14 674; 17 756; 16 799; 22 249; 24 250; 22 972; 24 987; 24 680; 18 022; 17 452; 15 197; 234 125;-14,3%
United Kingdom;Inverness;INV; 589 123; 35 640; 39 007; 44 641; 51 500; 54 733; 57 199; 62 438; 62 782; 56 537; 54 324; 42 112; 41 551; 602 464;2,3%
United Kingdom;Isle Of Man;IOM; 700 547; 46 264; 50 752; 56 181; 55 816; 58 256; 69 136; 61 054; 63 219; 58 785; 61 085; 58 978; 58 436; 697 962;-0,4%
United Kingdom;Jersey;JER;1 461 000; 77 916; 77 227; 104 275; 117 912; 131 515; 149 215; 154 837; 167 672; 151 533; 121 370; 101 536; 94 424;1 449 432;-0,8%
United Kingdom;Kirkwall;KOI; 133 930; 8 238; 9 479; 10 580; 10 647; 12 963; 14 247; 13 178; 13 811; 13 292; 9 821; 12 056; 9 892; 138 204;3,2%
United Kingdom;Leeds/Bradford;LBA;2 909 840; 122 623; 145 987; 189 399; 253 763; 275 180; 342 909; 369 470; 386 275; 338 806; 274 105; 141 027; 133 176;2 972 720;2,2%
United Kingdom;Liverpool;LPL;5 246 540; 295 209; 309 141; 351 159; 389 256; 389 437; 415 124; 453 800; 484 063; 432 667; 406 957; 267 510; 265 066;4 459 389;-15,0%
United Kingdom;London City;LCY;2 992 865; 218 928; 231 587; 258 239; 242 995; 263 107; 257 669; 262 841; 243 262; 275 458; 278 039; 271 816; 212 723;3 016 664;0,8%
United Kingdom;London Gatwick;LGW;33 645 285;2 113 311;2 156 820;2 513 873;2 723 840;2 975 600;3 339 203;3 634 169;3 838 447;3 445 606;2 985 315;2 225 922;2 284 141;34 236 247;1,8%
United Kingdom;London Heathrow;LHR;69 390 628;5 169 676;4 798 834;5 697 307;5 848 509;5 831 703;6 245 643;6 569 668;6 459 119;6 350 556;6 014 254;5 384 637;5 625 367;69 995 273;0,9%
United Kingdom;London Luton;LTN;9 510 137; 585 102; 581 993; 677 883; 832 552; 879 417; 943 400;1 015 696;1 043 094; 940 794; 861 959; 617 124; 639 534;9 618 548;1,1%
United Kingdom;London Southend;SEN; 42 439; 1 980; 2 134; 2 971; 41 626; 66 783; 77 580; 84 792; 90 962; 75 132; 67 561; 50 569; 55 466; 617 556;1355,2%
United Kingdom;London Stansted;STN;18 047 594;1 070 784;1 104 104;1 297 564;1 512 670;1 546 552;1 632 144;1 781 475;1 879 600;1 637 969;1 588 958;1 192 927;1 224 962;17 469 709;-3,2%
United Kingdom;Manchester;MAN;18 806 098;1 126 750;1 173 556;1 363 811;1 470 508;1 710 811;2 039 141;2 174 514;2 205 959;2 090 249;1 759 737;1 298 079;1 262 390;19 675 505;4,6%
United Kingdom;Newcastle;NCL;4 336 320; 226 419; 238 408; 284 886; 314 609; 392 147; 483 043; 517 467; 518 971; 488 318; 401 837; 257 112; 235 670;4 358 887;0,5%
United Kingdom;Newquay;NQY; 209 574; 6 536; 7 244; 10 189; 13 577; 17 519; 19 240; 20 249; 20 843; 17 647; 13 678; 10 796; 9 246; 166 764;-20,4%
United Kingdom;Norwich;NWI; 413 893; 24 423; 25 172; 28 281; 29 519; 41 573; 41 035; 36 818; 40 872; 40 590; 32 853; 29 398; 26 218; 396 752;-4,1%
United Kingdom;Prestwick;PIK;1 295 676; 40 785; 42 323; 57 539; 105 135; 105 594; 114 792; 128 941; 127 411; 115 471; 115 907; 57 318; 56 027;1 067 243;-17,6%
United Kingdom;Scatsta;SCS; 288 288; 22 588; 22 930; 26 490; 25 658; 27 004; 24 879; 24 330; 26 007; 23 177; 29 701; 29 103; 24 383; 306 250;6,2%
United Kingdom;Southampton;SOU;1 761 961; 98 644; 108 729; 127 896; 139 270; 150 471; 164 164; 174 010; 175 897; 167 991; 145 720; 129 149; 112 232;1 694 173;-3,8%
United Kingdom;Stornoway;SYY; 122 439; 8 323; 8 935; 10 141; 10 086; 10 365; 10 346; 10 327; 10 850; 11 072; 9 861; 10 069; 9 120; 119 495;-2,4%
United Kingdom;Sumburgh;LSI; 142 615; 8 731; 10 904; 11 606; 11 570; 13 276; 14 471; 16 023; 14 453; 12 936; 9 783; 13 951; 14 415; 152 119;6,7%
